[
  {
    "id": 1752308097706,
    "name": "Ian Gabriel Bornas",
    "contact": "09682997588",
    "date": "2025-07-17",
    "service": "Vaccination"
  },
  {
    "id": 1752645473788,
    "name": "Zaki Tanig",
    "contact": "0956457890",
    "date": "2025-06-29",
    "service": "Vaccination"
  },
  {
    "id": 1752752266150,
    "name": "Ian Bornas",
    "contact": "09368008682",
    "date": "2025-07-18",
    "service": "Check-up"
  },
  {
    "id": 1752760216357,
    "name": "Ian Gabriel Bornas",
    "contact": "09682997588",
    "date": "2025-07-28",
    "service": "Check-up"
  },
  {
    "id": 1752760347670,
    "name": "Nudgecraft",
    "contact": "09368008682",
    "date": "2025-07-30",
    "service": "Check-up"
  },
  {
    "id": 1752913982604,
    "name": "shirley",
    "contact": "09368008682",
    "date": "2025-08-27",
    "service": "Vaccination"
  },
  {
    "id": 1752935942051,
    "name": "Christian ",
    "contact": "0936664206",
    "date": "2025-07-20",
    "service": "Check-up"
  }
]