[
 {
    "id": 1,
    "userId": 1752756176142,
    "labNo": "LAB-1001",
    "date": "2025-07-16",
    "file": "blood_test_ian.pdf"
  },
  {
    "id": 2,
    "userId": 1752756176142,
    "labNo": "LAB-1002",
    "date": "2025-07-17",
    "file": "xray_result_ian.pdf"
  },
  {
    "id": 3,
    "userId": 1752643543455,
    "labNo": "LAB-1003",
    "date": "2025-07-18",
    "file": "blood_test_zaki.pdf"
  },
  {
    "id": 4,
    "userId": 1752758193497,
    "labNo": "LAB-1004",
    "date": "2025-07-19",
    "file": "urinalysis_ian.pdf"
  }
]
